{"assets/icons/iconfont.ttf":["assets/icons/iconfont.ttf"],"assets/images/add.png":["assets/images/add.png"],"assets/images/add2.png":["assets/images/add2.png"],"assets/images/addbank_icon.png":["assets/images/addbank_icon.png"],"assets/images/address_eidt_icon.png":["assets/images/address_eidt_icon.png"],"assets/images/address_icon.png":["assets/images/address_icon.png"],"assets/images/agree_select_icon.png":["assets/images/agree_select_icon.png"],"assets/images/agree_unselect_icon.png":["assets/images/agree_unselect_icon.png"],"assets/images/alipay_icon.png":["assets/images/alipay_icon.png"],"assets/images/alluser.png":["assets/images/alluser.png"],"assets/images/arraw_icon.png":["assets/images/arraw_icon.png"],"assets/images/arrow3.png":["assets/images/arrow3.png"],"assets/images/but_bg_icon.png":["assets/images/but_bg_icon.png"],"assets/images/cart.png":["assets/images/cart.png"],"assets/images/close_icon.png":["assets/images/close_icon.png"],"assets/images/closs_eye_icon.png":["assets/images/closs_eye_icon.png"],"assets/images/collection_icon.png":["assets/images/collection_icon.png"],"assets/images/column_icom.png":["assets/images/column_icom.png"],"assets/images/coupon.png":["assets/images/coupon.png"],"assets/images/del_icon.png":["assets/images/del_icon.png"],"assets/images/downarrow_icon.png":["assets/images/downarrow_icon.png"],"assets/images/global_larrow_icon.png":["assets/images/global_larrow_icon.png"],"assets/images/global_larrow_icon2.png":["assets/images/global_larrow_icon2.png"],"assets/images/guide_bg1_icon.png":["assets/images/guide_bg1_icon.png"],"assets/images/guide_bg_icon.png":["assets/images/guide_bg_icon.png"],"assets/images/guide_cont1_icon.png":["assets/images/guide_cont1_icon.png"],"assets/images/guide_cont_icon.png":["assets/images/guide_cont_icon.png"],"assets/images/guide_title1_icon.png":["assets/images/guide_title1_icon.png"],"assets/images/guide_title_icon.png":["assets/images/guide_title_icon.png"],"assets/images/home_search_icon.png":["assets/images/home_search_icon.png"],"assets/images/home_shopbg_icon.png":["assets/images/home_shopbg_icon.png"],"assets/images/icon.jpeg":["assets/images/icon.jpeg"],"assets/images/idcart1_icon.png":["assets/images/idcart1_icon.png"],"assets/images/idcart2_icon.png":["assets/images/idcart2_icon.png"],"assets/images/idcart3_icon.png":["assets/images/idcart3_icon.png"],"assets/images/idcart4_icon.png":["assets/images/idcart4_icon.png"],"assets/images/idcart5_icon.png":["assets/images/idcart5_icon.png"],"assets/images/landscape.png":["assets/images/landscape.png"],"assets/images/logo1.png":["assets/images/logo1.png"],"assets/images/mei_info_icon.png":["assets/images/mei_info_icon.png"],"assets/images/mer_buy_icon.png":["assets/images/mer_buy_icon.png"],"assets/images/mer_goods_icon.png":["assets/images/mer_goods_icon.png"],"assets/images/mer_location2_icon.png":["assets/images/mer_location2_icon.png"],"assets/images/mer_location_icon.png":["assets/images/mer_location_icon.png"],"assets/images/mer_phone2_icon.png":["assets/images/mer_phone2_icon.png"],"assets/images/mer_phone_icon.png":["assets/images/mer_phone_icon.png"],"assets/images/mer_pub_icon.png":["assets/images/mer_pub_icon.png"],"assets/images/mer_server_icon.png":["assets/images/mer_server_icon.png"],"assets/images/mer_shop_icon.png":["assets/images/mer_shop_icon.png"],"assets/images/mer_time_icon.png":["assets/images/mer_time_icon.png"],"assets/images/merchants1_icon.png":["assets/images/merchants1_icon.png"],"assets/images/merchants2_icon.png":["assets/images/merchants2_icon.png"],"assets/images/message_icon.png":["assets/images/message_icon.png"],"assets/images/noaddress_icon.png":["assets/images/noaddress_icon.png"],"assets/images/null_promote_icon.png":["assets/images/null_promote_icon.png"],"assets/images/null_shopcart_icon.png":["assets/images/null_shopcart_icon.png"],"assets/images/open_eye_icon.png":["assets/images/open_eye_icon.png"],"assets/images/optimization_icon.png":["assets/images/optimization_icon.png"],"assets/images/order_no_icon.png":["assets/images/order_no_icon.png"],"assets/images/other1.png":["assets/images/other1.png"],"assets/images/other2.png":["assets/images/other2.png"],"assets/images/other3.png":["assets/images/other3.png"],"assets/images/other4.png":["assets/images/other4.png"],"assets/images/other5.png":["assets/images/other5.png"],"assets/images/other6.png":["assets/images/other6.png"],"assets/images/package_icon.png":["assets/images/package_icon.png"],"assets/images/plan_radiobtn_default.png":["assets/images/plan_radiobtn_default.png"],"assets/images/plan_radiobtn_select.png":["assets/images/plan_radiobtn_select.png"],"assets/images/promote_icon.png":["assets/images/promote_icon.png"],"assets/images/rebate_icon.png":["assets/images/rebate_icon.png"],"assets/images/record_icon.png":["assets/images/record_icon.png"],"assets/images/reddel.png":["assets/images/reddel.png"],"assets/images/row_icon.png":["assets/images/row_icon.png"],"assets/images/save_icon.png":["assets/images/save_icon.png"],"assets/images/seckill.png":["assets/images/seckill.png"],"assets/images/share_bg_icon.png":["assets/images/share_bg_icon.png"],"assets/images/share_icon.png":["assets/images/share_icon.png"],"assets/images/share_title_icon.png":["assets/images/share_title_icon.png"],"assets/images/share_wx_icon.png":["assets/images/share_wx_icon.png"],"assets/images/shopcart_del_icon.png":["assets/images/shopcart_del_icon.png"],"assets/images/shopcart_icon.png":["assets/images/shopcart_icon.png"],"assets/images/sort1_icon.png":["assets/images/sort1_icon.png"],"assets/images/sort2_icon.png":["assets/images/sort2_icon.png"],"assets/images/sort_icon.png":["assets/images/sort_icon.png"],"assets/images/sub.png":["assets/images/sub.png"],"assets/images/successfull_icon.png":["assets/images/successfull_icon.png"],"assets/images/tabbar_cart_select_icon.png":["assets/images/tabbar_cart_select_icon.png"],"assets/images/tabbar_cart_unselect_icon.png":["assets/images/tabbar_cart_unselect_icon.png"],"assets/images/tabbar_class_select_icon.png":["assets/images/tabbar_class_select_icon.png"],"assets/images/tabbar_class_unselect_icon.png":["assets/images/tabbar_class_unselect_icon.png"],"assets/images/tabbar_home_select_icon.png":["assets/images/tabbar_home_select_icon.png"],"assets/images/tabbar_home_unselect_icon.png":["assets/images/tabbar_home_unselect_icon.png"],"assets/images/tabbar_server_select_icon.png":["assets/images/tabbar_server_select_icon.png"],"assets/images/tabbar_server_unselect_icon.png":["assets/images/tabbar_server_unselect_icon.png"],"assets/images/tabbar_user_select_icon.png":["assets/images/tabbar_user_select_icon.png"],"assets/images/tabbar_user_unselect_icon.png":["assets/images/tabbar_user_unselect_icon.png"],"assets/images/top.png":["assets/images/top.png"],"assets/images/user.png":["assets/images/user.png"],"assets/images/user_arrow_icon.png":["assets/images/user_arrow_icon.png"],"assets/images/user_bg_icon.png":["assets/images/user_bg_icon.png"],"assets/images/user_code_icon.png":["assets/images/user_code_icon.png"],"assets/images/user_coupons_icon.png":["assets/images/user_coupons_icon.png"],"assets/images/user_head_icon.png":["assets/images/user_head_icon.png"],"assets/images/user_order_icon.png":["assets/images/user_order_icon.png"],"assets/images/user_partner_icon.png":["assets/images/user_partner_icon.png"],"assets/images/user_promote_icon.png":["assets/images/user_promote_icon.png"],"assets/images/user_scan2_icon.png":["assets/images/user_scan2_icon.png"],"assets/images/user_scan_icon.png":["assets/images/user_scan_icon.png"],"assets/images/user_server_icon.png":["assets/images/user_server_icon.png"],"assets/images/user_set_icon.png":["assets/images/user_set_icon.png"],"assets/images/user_wallet_icon.png":["assets/images/user_wallet_icon.png"],"assets/images/withdrawal_icon.png":["assets/images/withdrawal_icon.png"],"assets/images/wx_icon.png":["assets/images/wx_icon.png"],"assets/images/wxchat_icon.png":["assets/images/wxchat_icon.png"],"packages/amap_flutter_map/res/AZURE.png":["packages/amap_flutter_map/res/AZURE.png"],"packages/amap_flutter_map/res/BLUE.png":["packages/amap_flutter_map/res/BLUE.png"],"packages/amap_flutter_map/res/CYAN.png":["packages/amap_flutter_map/res/CYAN.png"],"packages/amap_flutter_map/res/GREEN.png":["packages/amap_flutter_map/res/GREEN.png"],"packages/amap_flutter_map/res/MAGENTA.png":["packages/amap_flutter_map/res/MAGENTA.png"],"packages/amap_flutter_map/res/ORANGE.png":["packages/amap_flutter_map/res/ORANGE.png"],"packages/amap_flutter_map/res/RED.png":["packages/amap_flutter_map/res/RED.png"],"packages/amap_flutter_map/res/ROSE.png":["packages/amap_flutter_map/res/ROSE.png"],"packages/amap_flutter_map/res/VIOLET.png":["packages/amap_flutter_map/res/VIOLET.png"],"packages/amap_flutter_map/res/YELLOW.png":["packages/amap_flutter_map/res/YELLOW.png"],"packages/amap_flutter_map/res/marker_default.png":["packages/amap_flutter_map/res/marker_default.png"],"packages/cupertino_icons/assets/CupertinoIcons.ttf":["packages/cupertino_icons/assets/CupertinoIcons.ttf"],"packages/flutter_inappwebview/assets/t_rex_runner/t-rex.css":["packages/flutter_inappwebview/assets/t_rex_runner/t-rex.css"],"packages/flutter_inappwebview/assets/t_rex_runner/t-rex.html":["packages/flutter_inappwebview/assets/t_rex_runner/t-rex.html"],"packages/fluttertoast/assets/toastify.css":["packages/fluttertoast/assets/toastify.css"],"packages/fluttertoast/assets/toastify.js":["packages/fluttertoast/assets/toastify.js"],"packages/map_launcher/assets/icons/amap.svg":["packages/map_launcher/assets/icons/amap.svg"],"packages/map_launcher/assets/icons/apple.svg":["packages/map_launcher/assets/icons/apple.svg"],"packages/map_launcher/assets/icons/baidu.svg":["packages/map_launcher/assets/icons/baidu.svg"],"packages/map_launcher/assets/icons/citymapper.svg":["packages/map_launcher/assets/icons/citymapper.svg"],"packages/map_launcher/assets/icons/doubleGis.svg":["packages/map_launcher/assets/icons/doubleGis.svg"],"packages/map_launcher/assets/icons/google.svg":["packages/map_launcher/assets/icons/google.svg"],"packages/map_launcher/assets/icons/googleGo.svg":["packages/map_launcher/assets/icons/googleGo.svg"],"packages/map_launcher/assets/icons/here.svg":["packages/map_launcher/assets/icons/here.svg"],"packages/map_launcher/assets/icons/mapswithme.svg":["packages/map_launcher/assets/icons/mapswithme.svg"],"packages/map_launcher/assets/icons/osmand.svg":["packages/map_launcher/assets/icons/osmand.svg"],"packages/map_launcher/assets/icons/osmandplus.svg":["packages/map_launcher/assets/icons/osmandplus.svg"],"packages/map_launcher/assets/icons/petal.svg":["packages/map_launcher/assets/icons/petal.svg"],"packages/map_launcher/assets/icons/tencent.svg":["packages/map_launcher/assets/icons/tencent.svg"],"packages/map_launcher/assets/icons/waze.svg":["packages/map_launcher/assets/icons/waze.svg"],"packages/map_launcher/assets/icons/yandexMaps.svg":["packages/map_launcher/assets/icons/yandexMaps.svg"],"packages/map_launcher/assets/icons/yandexNavi.svg":["packages/map_launcher/assets/icons/yandexNavi.svg"]}